{"chunk_definitions":[{"row":35,"row_count":1,"visible":true,"expansion_state":0,"options":{"engine":"r","label":"setup","include":false,"dev":"png"},"document_id":"80843499","chunk_id":"csetup_chunk","chunk_label":"setup"},{"row":44,"row_count":1,"visible":true,"expansion_state":0,"options":{"engine":"r","label":"unnamed-chunk-102","dev":"png"},"document_id":"80843499","chunk_id":"cenjrfmy4pz84","chunk_label":"unnamed-chunk-1"},{"row":65,"row_count":1,"visible":true,"expansion_state":0,"options":{"engine":"r","label":"unnamed-chunk-81","dev":"png"},"document_id":"858B7076","chunk_id":"csf8hpbchfopi","chunk_label":"unnamed-chunk-2"},{"row":79,"row_count":1,"visible":true,"expansion_state":0,"options":{"engine":"r","include":true,"label":"unnamed-chunk-37","dev":"png"},"document_id":"80843499","chunk_id":"cluvarnse1vb8","chunk_label":"unnamed-chunk-3"},{"row":96,"row_count":1,"visible":true,"expansion_state":0,"options":{"engine":"r","error":true,"include":true,"label":"unnamed-chunk-98","dev":"png"},"document_id":"858B7076","chunk_id":"cv9lu74b2f61c","chunk_label":"unnamed-chunk-4"},{"row":102,"row_count":1,"visible":true,"expansion_state":0,"options":{"engine":"r","error":true,"include":true,"label":"unnamed-chunk-99","dev":"png"},"document_id":"858B7076","chunk_id":"cdwlam37h59va","chunk_label":"unnamed-chunk-5"},{"row":110,"row_count":1,"visible":true,"expansion_state":0,"options":{"engine":"r","error":true,"include":true,"label":"unnamed-chunk-103","dev":"png"},"document_id":"858B7076","chunk_id":"c1l2dyhk14zgu","chunk_label":"unnamed-chunk-6"},{"row":115,"row_count":1,"visible":true,"expansion_state":0,"options":{"engine":"r","error":true,"include":true,"label":"unnamed-chunk-104","dev":"png"},"document_id":"858B7076","chunk_id":"cub7ioupexkhj","chunk_label":"unnamed-chunk-7"}],"doc_write_time":1734366275,"working_dir":null,"default_chunk_options":{}}