"0","plot_cp(dat %>% select(-cp), est, iso_code = 4)"
"1","[1m[33mError[39m in `geom_point()` at ]8;line = 49:col = 3;file:///Users/dylan/HW3/R/plot_cp.RHW3/R/plot_cp.R:49:3]8;;:[22m
[38;5;252m[33m![38;5;252m Problem while computing aesthetics.
[36mℹ[38;5;252m Error occurred in the 3rd layer.[39m
[1mCaused by error:[22m
[33m![39m object 'cp' not found
Backtrace:
[90m  1. [39m[1mbase[22m (local) `<fn>`(x)
[90m  2. [39mggplot2:::print.ggplot(x)
[90m  4. [39mggplot2:::ggplot_build.ggplot(x)
[90m  5. [39mggplot2:::by_layer(...)
[90m 12. [39mggplot2 (local) f(l = layers[[i]], d = data[[i]])
[90m 13. [39ml$compute_aesthetics(d, plot)
[90m 14. [39mggplot2 (local) compute_aesthetics(..., self = self)
[90m 15. [39m[1mbase[22m::lapply(aesthetics, eval_tidy, data = data, env = env)
[90m 16. [39m[1mrlang[22m (local) FUN(X[[i]], ...)
"
