"0","plot_cp(dat %>% select(-year), est, iso_code = 4)"
"1","[1m[33mError[39m in `geom_point()` at ]8;line = 49:col = 3;file:///Users/dylan/HW3/R/plot_cp.RHW3/R/plot_cp.R:49:3]8;;:[22m
[38;5;252m[33m![38;5;252m Problem while computing aesthetics.
[36mℹ[38;5;252m Error occurred in the 3rd layer.[39m
[1mCaused by error in `compute_aesthetics()`:[22m
[38;5;252m[33m![38;5;252m Aesthetics are not valid data columns.
[31m✖[38;5;252m The following aesthetics are invalid:
[31m✖[38;5;252m `x = year`
[36mℹ[38;5;252m Did you mistype the name of a data column or forget to add `after_stat()`?[39m
Backtrace:
[90m  1. [39m[1mbase[22m (local) `<fn>`(x)
[90m  2. [39mggplot2:::print.ggplot(x)
[90m  4. [39mggplot2:::ggplot_build.ggplot(x)
[90m  5. [39mggplot2:::by_layer(...)
[90m 12. [39mggplot2 (local) f(l = layers[[i]], d = data[[i]])
[90m 13. [39ml$compute_aesthetics(d, plot)
[90m 14. [39mggplot2 (local) [1m[94mcompute_aesthetics([39m[22m..., self = self[1m[94m)[39m[22m
"
