"0","load_all(""../HW3"")"
"2","[38;5;252m[36mℹ[38;5;252m Loading [34mHW3[38;5;252m[39m"
"0","# to load your package"
"0","# my package is called hw3"
"0","# load_all(""../hw3"")"
"0","est<-read_csv(""../data/est.csv"")"
"2","[1mRows: [22m[34m11285[39m [1mColumns: [22m[34m9[39m"
"2","[36m──[39m [1mColumn specification[22m [36m────────────────────────────────────────────────────────────────────────────[39m
[1mDelimiter:[22m "",""
[31mchr[39m (2): Country or area, Indicator
[32mdbl[39m (7): iso, Year, L95, L80, Median, U80, U95"
"2","
[36mℹ[39m Use `spec()` to retrieve the full column specification for this data.
[36mℹ[39m Specify the column types or set `show_col_types = FALSE` to quiet this message."
"0","cp_use<-read_csv(""../data/contraceptive_use.csv"")"
"2","[1mRows: [22m[34m1793[39m [1mColumns: [22m[34m31[39m"
"2","[36m──[39m [1mColumn specification[22m [36m────────────────────────────────────────────────────────────────────────────[39m
[1mDelimiter:[22m "",""
[31mchr[39m (13): is_in_union, age_range, data_series_type, group_type_relative_to_baseline, is_pertaini...
[32mdbl[39m (15): division_numeric_code, start_date, end_date, contraceptive_use_modern, contraceptive_u...
[33mlgl[39m  (3): pertaining_to_methods_used_since_last_pregnancy_reason, non_pregnant_and_other_positiv..."
"2","
[36mℹ[39m Use `spec()` to retrieve the full column specification for this data.
[36mℹ[39m Specify the column types or set `show_col_types = FALSE` to quiet this message."
